SQL> create table employees(

&nbsp; 2  emp\_id NUMBER

&nbsp; 3  GENERATED BY DEFAULT ON NULL AS IDENTITY

&nbsp; 4  (START WITH 1001 INCREMENT BY 1)

&nbsp; 5  PRIMARY KEY,

&nbsp; 6  emp\_name VARCHAR(30) ,

&nbsp; 7  gender VARCHAR2(10),

&nbsp; 8  department VARCHAR(20) ,

&nbsp; 9  designation VARCHAR(30) ,

&nbsp;10  salary NUMBER,

&nbsp;11  location VARCHAR2(20),

&nbsp;12  joining\_date DATE,

&nbsp;13  email VARCHAR2(50) NOT NULL

&nbsp;14  );



Table created.



SQL> DESC employees;

&nbsp;Name                                      Null?    Type

&nbsp;----------------------------------------- -------- ----------------------------

&nbsp;EMP\_ID                                    NOT NULL NUMBER

&nbsp;EMP\_NAME                                           VARCHAR2(30)

&nbsp;GENDER                                             VARCHAR2(10)

&nbsp;DEPARTMENT                                         VARCHAR2(20)

&nbsp;DESIGNATION                                        VARCHAR2(30)

&nbsp;SALARY                                             NUMBER

&nbsp;LOCATION                                           VARCHAR2(20)

&nbsp;JOINING\_DATE                                       DATE

&nbsp;EMAIL                                              VARCHAR2(50)

SQL> insert into employees (emp\_name,gender,department,designation,salary,location,joining\_date,email)

&nbsp; 2  values('arun','male','it','developer',45000,'chennai',DATE'2002-01-10','arun@company.com');



1 row created.



SQL> INSERT INTO employees (emp\_name, gender, department, designation, salary, location, joining\_date, email)

&nbsp; 2  VALUES ('Divya', 'Female', 'HR', 'HR Executive', 40000, 'Bangalore', DATE '2021-05-15', 'divya@company.com');



1 row created.



SQL> INSERT INTO employees (emp\_name, gender, department, designation, salary, location, joining\_date, email)

&nbsp; 2  values ('Mubeen', 'Male', 'IT', 'Senior Developer', 55000, 'Chennai', DATE '2023-03-20', 'mubeen@company.com');



1 row created.



SQL> INSERT INTO employees (emp\_name, gender, department, designation, salary, location, joining\_date, email)

&nbsp; 2  values ('Ravi', 'Male', 'Finance', 'Accountant', NULL, 'Mumbai', DATE '2020-07-18', 'ravi@company.com');



1 row created.



SQL> INSERT INTO employees (emp\_name, gender, department, designation, salary, location, joining\_date, email)

&nbsp; 2  values ('Anita', 'Female', 'Sales', 'Sales Executive', 38000, 'Delhi', DATE '2022-09-12', 'anita@company.com');



1 row created.



SQL> INSERT INTO employees (emp\_name, gender, department, designation, salary, location, joining\_date, email)

&nbsp; 2  values('Kumar', 'Male', 'HR', 'Recruiter', 32000, 'Chennai', DATE '2021-11-05', 'kumar@company.com');



1 row created.



SQL> INSERT INTO employees (emp\_name, gender, department, designation, salary, location, joining\_date, email)

&nbsp; 2  values ('Divya', 'Female', 'IT', 'Tester', 40000, 'Bangalore', DATE '2022-06-25', 'divya.it@company.com');



1 row created.



SQL> INSERT INTO employees (emp\_name, gender, department, designation, salary, location, joining\_date, email)

&nbsp; 2  values ('Rahul', 'Male', 'IT', 'Developer', 45000, 'Chennai', DATE '2020-03-14', NULL);



1 row created.



SQL> INSERT INTO employees (emp\_name, gender, department, designation, salary, location, joining\_date, email)

&nbsp; 2  values ('Sneha', 'Female', 'Finance', 'Analyst', NULL, 'Mumbai', DATE '2023-01-08', 'sneha@company.com');



1 row created.



SQL> INSERT INTO employees (emp\_name, gender, department, designation, salary, location, joining\_date, email)

&nbsp; 2  values ('Amit', 'Male', 'Sales', 'Sales Manager', 60000, 'Delhi', DATE '2019-12-01', 'amit@company.com');



1 row created.



SQL> INSERT INTO employees (emp\_name, gender, department, designation, salary, location, joining\_date, email)

&nbsp; 2  values ('Pooja', 'Female', 'HR', 'HR Executive', 40000, 'Chennai', DATE '2021-04-19', NULL);



1 row created.



SQL> INSERT INTO employees (emp\_name, gender, department, designation, salary, location, joining\_date, email)

&nbsp; 2  values ('Ramesh', 'Male', 'IT', 'Support Engineer', 30000, 'Hyderabad', DATE '2022-08-10', 'ramesh@company.com');



1 row created.



SQL> INSERT INTO employees (emp\_name, gender, department, designation, salary, location, joining\_date, email)

&nbsp; 2  values ('Suresh', 'Male', 'IT', 'Developer', 45000, 'Chennai', DATE '2020-10-30', 'suresh@company.com');



1 row created.



SQL> INSERT INTO employees (emp\_name, gender, department, designation, salary, location, joining\_date, email)

&nbsp; 2  values ('Neha', 'Female', 'Sales', 'Sales Executive', 38000, 'Delhi', DATE '2023-02-14', 'neha@company.com');



1 row created.



SQL> INSERT INTO employees (emp\_name, gender, department, designation, salary, location, joining\_date, email)

&nbsp; 2  values ('Arun', 'Male', 'IT', 'Developer', 45000, 'Chennai', DATE '2021-09-09', 'arun.it@company.com');



1 row created.



SQL> INSERT INTO employees (emp\_name, gender, department, designation, salary, location, joining\_date, email)

&nbsp; 2  values ('Kiran', 'Male', 'Finance', 'Accountant', NULL, 'Mumbai', DATE '2022-12-21', 'kiran@company.com');



1 row created.



SQL> INSERT INTO employees (emp\_name, gender, department, designation, salary, location, joining\_date, email)

&nbsp; 2  values ('Meena', 'Female', 'HR', 'Recruiter', 32000, 'Bangalore', DATE '2020-06-11', 'meena@company.com');



1 row created.



SQL> INSERT INTO employees (emp\_name, gender, department, designation, salary, location, joining\_date, email)

&nbsp; 2  values ('Vijay', 'Male', 'IT', 'Tester', 35000, 'Hyderabad', DATE '2023-04-01', NULL);



1 row created.



SQL> INSERT INTO employees (emp\_name, gender, department, designation, salary, location, joining\_date, email)

&nbsp; 2  values ('Anita', 'Female', 'Sales', 'Sales Executive', 38000, 'Delhi', DATE '2021-07-07', 'anita.sales@company.com');



1 row created.



SQL> INSERT INTO employees (emp\_name, gender, department, designation, salary, location, joining\_date, email)

&nbsp; 2  values ('Rohit', 'Male', 'IT', 'Developer', 45000, 'Chennai', DATE '2022-11-18', 'rohit@company.com');



1 row created.



SQL> INSERT INTO employees (emp\_name, gender, department, designation, salary, location, joining\_date, email)

&nbsp; 2  values ('Sanjay', 'Male', 'IT', 'Developer', NULL, 'Chennai', DATE '2020-02-02', NULL);



1 row created.



###### 

###### Display all employee records.

SQL> select \* from employees;



&nbsp;   EMP\_ID EMP\_NAME                       GENDER     DEPARTMENT

---------- ------------------------------ ---------- --------------------

DESIGNATION                        SALARY LOCATION             JOINING\_D

------------------------------ ---------- -------------------- ---------

EMAIL

--------------------------------------------------

&nbsp;     1001 arun                           male       it

developer                           45000 chennai              10-JAN-02

arun@company.com



&nbsp;     1002 Divya                          Female     HR

HR Executive                        40000 Bangalore            15-MAY-21

divya@company.com



&nbsp;   EMP\_ID EMP\_NAME                       GENDER     DEPARTMENT

---------- ------------------------------ ---------- --------------------

DESIGNATION                        SALARY LOCATION             JOINING\_D

------------------------------ ---------- -------------------- ---------

EMAIL

--------------------------------------------------



&nbsp;     1003 Mubeen                         Male       IT

Senior Developer                    55000 Chennai              20-MAR-23

mubeen@company.com



&nbsp;     1004 Ravi                           Male       Finance

Accountant                                Mumbai               18-JUL-20



&nbsp;   EMP\_ID EMP\_NAME                       GENDER     DEPARTMENT

---------- ------------------------------ ---------- --------------------

DESIGNATION                        SALARY LOCATION             JOINING\_D

------------------------------ ---------- -------------------- ---------

EMAIL

--------------------------------------------------

ravi@company.com



&nbsp;     1005 Anita                          Female     Sales

Sales Executive                     38000 Delhi                12-SEP-22

anita@company.com



&nbsp;     1006 Kumar                          Male       HR



&nbsp;   EMP\_ID EMP\_NAME                       GENDER     DEPARTMENT

---------- ------------------------------ ---------- --------------------

DESIGNATION                        SALARY LOCATION             JOINING\_D

------------------------------ ---------- -------------------- ---------

EMAIL

--------------------------------------------------

Recruiter                           32000 Chennai              05-NOV-21

kumar@company.com



&nbsp;     1007 Divya                          Female     IT

Tester                              40000 Bangalore            25-JUN-22

divya.it@company.com





&nbsp;   EMP\_ID EMP\_NAME                       GENDER     DEPARTMENT

---------- ------------------------------ ---------- --------------------

DESIGNATION                        SALARY LOCATION             JOINING\_D

------------------------------ ---------- -------------------- ---------

EMAIL

--------------------------------------------------

&nbsp;     1008 Rahul                          Male       IT

Developer                           45000 Chennai              14-MAR-20





&nbsp;     1009 Sneha                          Female     Finance

Analyst                                   Mumbai               08-JAN-23

sneha@company.com



&nbsp;   EMP\_ID EMP\_NAME                       GENDER     DEPARTMENT

---------- ------------------------------ ---------- --------------------

DESIGNATION                        SALARY LOCATION             JOINING\_D

------------------------------ ---------- -------------------- ---------

EMAIL

--------------------------------------------------



&nbsp;     1010 Amit                           Male       Sales

Sales Manager                       60000 Delhi                01-DEC-19

amit@company.com



&nbsp;     1011 Pooja                          Female     HR

HR Executive                        40000 Chennai              19-APR-21



&nbsp;   EMP\_ID EMP\_NAME                       GENDER     DEPARTMENT

---------- ------------------------------ ---------- --------------------

DESIGNATION                        SALARY LOCATION             JOINING\_D

------------------------------ ---------- -------------------- ---------

EMAIL

--------------------------------------------------





&nbsp;     1012 Ramesh                         Male       IT

Support Engineer                    30000 Hyderabad            10-AUG-22

ramesh@company.com



&nbsp;     1013 Suresh                         Male       IT



&nbsp;   EMP\_ID EMP\_NAME                       GENDER     DEPARTMENT

---------- ------------------------------ ---------- --------------------

DESIGNATION                        SALARY LOCATION             JOINING\_D

------------------------------ ---------- -------------------- ---------

EMAIL

--------------------------------------------------

Developer                           45000 Chennai              30-OCT-20

suresh@company.com



&nbsp;     1014 Neha                           Female     Sales

Sales Executive                     38000 Delhi                14-FEB-23

neha@company.com





&nbsp;   EMP\_ID EMP\_NAME                       GENDER     DEPARTMENT

---------- ------------------------------ ---------- --------------------

DESIGNATION                        SALARY LOCATION             JOINING\_D

------------------------------ ---------- -------------------- ---------

EMAIL

--------------------------------------------------

&nbsp;     1015 Arun                           Male       IT

Developer                           45000 Chennai              09-SEP-21

arun.it@company.com



&nbsp;     1016 Kiran                          Male       Finance

Accountant                                Mumbai               21-DEC-22

kiran@company.com



&nbsp;   EMP\_ID EMP\_NAME                       GENDER     DEPARTMENT

---------- ------------------------------ ---------- --------------------

DESIGNATION                        SALARY LOCATION             JOINING\_D

------------------------------ ---------- -------------------- ---------

EMAIL

--------------------------------------------------



&nbsp;     1017 Meena                          Female     HR

Recruiter                           32000 Bangalore            11-JUN-20

meena@company.com



&nbsp;     1018 Vijay                          Male       IT

Tester                              35000 Hyderabad            01-APR-23



&nbsp;   EMP\_ID EMP\_NAME                       GENDER     DEPARTMENT

---------- ------------------------------ ---------- --------------------

DESIGNATION                        SALARY LOCATION             JOINING\_D

------------------------------ ---------- -------------------- ---------

EMAIL

--------------------------------------------------





&nbsp;     1019 Anita                          Female     Sales

Sales Executive                     38000 Delhi                07-JUL-21

anita.sales@company.com



&nbsp;     1020 Rohit                          Male       IT



&nbsp;   EMP\_ID EMP\_NAME                       GENDER     DEPARTMENT

---------- ------------------------------ ---------- --------------------

DESIGNATION                        SALARY LOCATION             JOINING\_D

------------------------------ ---------- -------------------- ---------

EMAIL

--------------------------------------------------

Developer                           45000 Chennai              18-NOV-22

rohit@company.com



&nbsp;     1021 Sanjay                         Male       IT

Developer                                 Chennai              02-FEB-20









SQL> SELECT emp\_id FROM employees ORDER BY emp\_id;



&nbsp;   EMP\_ID

----------

&nbsp;     1001

&nbsp;     1003

&nbsp;     1004

&nbsp;     1005

&nbsp;     1006

&nbsp;     1007

&nbsp;     1008

&nbsp;     1009

&nbsp;     1010

&nbsp;     1011

&nbsp;     1012



&nbsp;   EMP\_ID

----------

&nbsp;     1013

&nbsp;     1014

&nbsp;     1015

&nbsp;     1016

&nbsp;     1017

&nbsp;     1018

&nbsp;     1019

&nbsp;     1020

&nbsp;     1021

&nbsp;     1022



21 rows selected.

###### Display only employee ID, name, and department.

SQL> SELECT emp\_id, emp\_name, department FROM employees;



&nbsp;   EMP\_ID EMP\_NAME                       DEPARTMENT

---------- ------------------------------ --------------------

&nbsp;     1001 arun                           it

&nbsp;     1003 Divya                          HR

&nbsp;     1004 Mubeen                         IT

&nbsp;     1005 Ravi                           Finance

&nbsp;     1006 Anita                          Sales

&nbsp;     1007 Kumar                          HR

&nbsp;     1008 Divya                          IT

&nbsp;     1009 Rahul                          IT

&nbsp;     1010 Sneha                          Finance

&nbsp;     1011 Amit                           Sales

&nbsp;     1012 Pooja                          HR



&nbsp;   EMP\_ID EMP\_NAME                       DEPARTMENT

---------- ------------------------------ --------------------

&nbsp;     1013 Ramesh                         IT

&nbsp;     1014 Suresh                         IT

&nbsp;     1015 Neha                           Sales

&nbsp;     1016 Arun                           IT

&nbsp;     1017 Kiran                          Finance

&nbsp;     1018 Meena                          HR

&nbsp;     1019 Vijay                          IT

&nbsp;     1020 Anita                          Sales

&nbsp;     1021 Rohit                          IT

&nbsp;     1022 Sanjay                         IT



21 rows selected.

###### Display employee name and salary for all employees

SQL> SELECT emp\_name, salary FROM employees;



EMP\_NAME                           SALARY

------------------------------ ----------

arun                                45000

Divya                               40000

Mubeen                              55000

Ravi

Anita                               38000

Kumar                               32000

Divya                               40000

Rahul                               45000

Sneha

Amit                                60000

Pooja                               40000



EMP\_NAME                           SALARY

------------------------------ ----------

Ramesh                              30000

Suresh                              45000

Neha                                38000

Arun                                45000

Kiran

Meena                               32000

Vijay                               35000

Anita                               38000

Rohit                               45000

Sanjay



21 rows selected.

###### Display employees whose salary is greater than 40,000.

SQL> select emp\_name from employees where salary >40000;



EMP\_NAME

------------------------------

arun

Mubeen

Rahul

Amit

Suresh

Arun

Rohit



7 rows selected.

###### Display employees who joined before 01-Jan-2021.



SQL> select emp\_name from employees where joining\_date < DATE '2022-01-01';

EMP\_NAME

---

arun

Divya

Ravi

Kumar

Rahul

Amit

Pooja

Suresh

Arun

Meena

Anita



EMP\_NAME

---

Sanjay



12 rows selected.



###### Display employees whose salary is not between 30,000 and 45,000.

SQL> select emp\_name from employees where salary NOT BETWEEN 35000 AND 45000;

EMP\_NAME

------------------------------

Mubeen

Kumar

Amit

Ramesh

Meena



&nbsp;   Display employees whose joining date is between 01-Jan-2021 and 31-Dec-2022.



SQL> SELECT \* FROM EMPLOYEES

&nbsp; 2  WHERE joining\_date BETWEEN DATE '2021-01-01' AND DATE '2022-12-31';



&nbsp;   EMP\_ID EMP\_NAME                       GENDER     DEPARTMENT

---------- ------------------------------ ---------- --------------------

DESIGNATION                        SALARY LOCATION             JOINING\_D

------------------------------ ---------- -------------------- ---------

EMAIL

--------------------------------------------------

&nbsp;     1003 Divya                          Female     HR

HR Executive                        40000 Bangalore            15-MAY-21

divya@company.com



&nbsp;     1006 Anita                          Female     Sales

Sales Executive                     38000 Delhi                12-SEP-22

anita@company.com



&nbsp;   EMP\_ID EMP\_NAME                       GENDER     DEPARTMENT

---------- ------------------------------ ---------- --------------------

DESIGNATION                        SALARY LOCATION             JOINING\_D

------------------------------ ---------- -------------------- ---------

EMAIL

--------------------------------------------------



&nbsp;     1007 Kumar                          Male       HR

Recruiter                           32000 Chennai              05-NOV-21

kumar@company.com



&nbsp;     1008 Divya                          Female     IT

Tester                              40000 Bangalore            25-JUN-22



&nbsp;   EMP\_ID EMP\_NAME                       GENDER     DEPARTMENT

---------- ------------------------------ ---------- --------------------

DESIGNATION                        SALARY LOCATION             JOINING\_D

------------------------------ ---------- -------------------- ---------

EMAIL

--------------------------------------------------

divya.it@company.com



&nbsp;     1012 Pooja                          Female     HR

HR Executive                        40000 Chennai              19-APR-21





&nbsp;     1013 Ramesh                         Male       IT



&nbsp;   EMP\_ID EMP\_NAME                       GENDER     DEPARTMENT

---------- ------------------------------ ---------- --------------------

DESIGNATION                        SALARY LOCATION             JOINING\_D

------------------------------ ---------- -------------------- ---------

EMAIL

--------------------------------------------------

Support Engineer                    30000 Hyderabad            10-AUG-22

ramesh@company.com



&nbsp;     1016 Arun                           Male       IT

Developer                           45000 Chennai              09-SEP-21

arun.it@company.com





&nbsp;   EMP\_ID EMP\_NAME                       GENDER     DEPARTMENT

---------- ------------------------------ ---------- --------------------

DESIGNATION                        SALARY LOCATION             JOINING\_D

------------------------------ ---------- -------------------- ---------

EMAIL

--------------------------------------------------

&nbsp;     1017 Kiran                          Male       Finance

Accountant                                Mumbai               21-DEC-22

kiran@company.com



&nbsp;     1020 Anita                          Female     Sales

Sales Executive                     38000 Delhi                07-JUL-21

anita.sales@company.com



&nbsp;   EMP\_ID EMP\_NAME                       GENDER     DEPARTMENT

---------- ------------------------------ ---------- --------------------

DESIGNATION                        SALARY LOCATION             JOINING\_D

------------------------------ ---------- -------------------- ---------

EMAIL

--------------------------------------------------



&nbsp;     1021 Rohit                          Male       IT

Developer                           45000 Chennai              18-NOV-22

rohit@company.com





10 rows selected.



###### 

###### 

###### Display employees working in IT or HR departments.

SQL> SELECT \* FROM EMPLOYEES

&nbsp; 2  WHERE department IN ('IT', 'HR');



&nbsp;   EMP\_ID EMP\_NAME                       GENDER     DEPARTMENT

---------- ------------------------------ ---------- --------------------

DESIGNATION                        SALARY LOCATION             JOINING\_D

------------------------------ ---------- -------------------- ---------

EMAIL

--------------------------------------------------

&nbsp;     1003 Divya                          Female     HR

HR Executive                        40000 Bangalore            15-MAY-21

divya@company.com



&nbsp;     1004 Mubeen                         Male       IT

Senior Developer                    55000 Chennai              20-MAR-23

mubeen@company.com



&nbsp;   EMP\_ID EMP\_NAME                       GENDER     DEPARTMENT

---------- ------------------------------ ---------- --------------------

DESIGNATION                        SALARY LOCATION             JOINING\_D

------------------------------ ---------- -------------------- ---------

EMAIL

--------------------------------------------------



&nbsp;     1007 Kumar                          Male       HR

Recruiter                           32000 Chennai              05-NOV-21

kumar@company.com



&nbsp;     1008 Divya                          Female     IT

Tester                              40000 Bangalore            25-JUN-22



&nbsp;   EMP\_ID EMP\_NAME                       GENDER     DEPARTMENT

---------- ------------------------------ ---------- --------------------

DESIGNATION                        SALARY LOCATION             JOINING\_D

------------------------------ ---------- -------------------- ---------

EMAIL

--------------------------------------------------

divya.it@company.com



&nbsp;     1009 Rahul                          Male       IT

Developer                           45000 Chennai              14-MAR-20





&nbsp;     1012 Pooja                          Female     HR



&nbsp;   EMP\_ID EMP\_NAME                       GENDER     DEPARTMENT

---------- ------------------------------ ---------- --------------------

DESIGNATION                        SALARY LOCATION             JOINING\_D

------------------------------ ---------- -------------------- ---------

EMAIL

--------------------------------------------------

HR Executive                        40000 Chennai              19-APR-21





&nbsp;     1013 Ramesh                         Male       IT

Support Engineer                    30000 Hyderabad            10-AUG-22

ramesh@company.com





&nbsp;   EMP\_ID EMP\_NAME                       GENDER     DEPARTMENT

---------- ------------------------------ ---------- --------------------

DESIGNATION                        SALARY LOCATION             JOINING\_D

------------------------------ ---------- -------------------- ---------

EMAIL

--------------------------------------------------

&nbsp;     1014 Suresh                         Male       IT

Developer                           45000 Chennai              30-OCT-20

suresh@company.com



&nbsp;     1016 Arun                           Male       IT

Developer                           45000 Chennai              09-SEP-21

arun.it@company.com



&nbsp;   EMP\_ID EMP\_NAME                       GENDER     DEPARTMENT

---------- ------------------------------ ---------- --------------------

DESIGNATION                        SALARY LOCATION             JOINING\_D

------------------------------ ---------- -------------------- ---------

EMAIL

--------------------------------------------------



&nbsp;     1018 Meena                          Female     HR

Recruiter                           32000 Bangalore            11-JUN-20

meena@company.com



&nbsp;     1019 Vijay                          Male       IT

Tester                              35000 Hyderabad            01-APR-23



&nbsp;   EMP\_ID EMP\_NAME                       GENDER     DEPARTMENT

---------- ------------------------------ ---------- --------------------

DESIGNATION                        SALARY LOCATION             JOINING\_D

------------------------------ ---------- -------------------- ---------

EMAIL

--------------------------------------------------





&nbsp;     1021 Rohit                          Male       IT

Developer                           45000 Chennai              18-NOV-22

rohit@company.com



&nbsp;     1022 Sanjay                         Male       IT



&nbsp;   EMP\_ID EMP\_NAME                       GENDER     DEPARTMENT

---------- ------------------------------ ---------- --------------------

DESIGNATION                        SALARY LOCATION             JOINING\_D

------------------------------ ---------- -------------------- ---------

EMAIL

--------------------------------------------------

Developer                                 Chennai              02-FEB-20







13 rows selected.





###### Display employees working in Chennai, Bangalore, or Hyderabad.

SQL> SELECT \* FROM EMPLOYEES WHERE location IN ('Chennai', 'Bangalore', 'Hyderabad');



&nbsp;   EMP\_ID EMP\_NAME                       GENDER     DEPARTMENT

---------- ------------------------------ ---------- --------------------

DESIGNATION                        SALARY LOCATION             JOINING\_D

------------------------------ ---------- -------------------- ---------

EMAIL

--------------------------------------------------

&nbsp;     1003 Divya                          Female     HR

HR Executive                        40000 Bangalore            15-MAY-21

divya@company.com



&nbsp;     1004 Mubeen                         Male       IT

Senior Developer                    55000 Chennai              20-MAR-23

mubeen@company.com



&nbsp;   EMP\_ID EMP\_NAME                       GENDER     DEPARTMENT

---------- ------------------------------ ---------- --------------------

DESIGNATION                        SALARY LOCATION             JOINING\_D

------------------------------ ---------- -------------------- ---------

EMAIL

--------------------------------------------------



&nbsp;     1007 Kumar                          Male       HR

Recruiter                           32000 Chennai              05-NOV-21

kumar@company.com



&nbsp;     1008 Divya                          Female     IT

Tester                              40000 Bangalore            25-JUN-22



&nbsp;   EMP\_ID EMP\_NAME                       GENDER     DEPARTMENT

---------- ------------------------------ ---------- --------------------

DESIGNATION                        SALARY LOCATION             JOINING\_D

------------------------------ ---------- -------------------- ---------

EMAIL

--------------------------------------------------

divya.it@company.com



&nbsp;     1009 Rahul                          Male       IT

Developer                           45000 Chennai              14-MAR-20





&nbsp;     1012 Pooja                          Female     HR



&nbsp;   EMP\_ID EMP\_NAME                       GENDER     DEPARTMENT

---------- ------------------------------ ---------- --------------------

DESIGNATION                        SALARY LOCATION             JOINING\_D

------------------------------ ---------- -------------------- ---------

EMAIL

--------------------------------------------------

HR Executive                        40000 Chennai              19-APR-21





&nbsp;     1013 Ramesh                         Male       IT

Support Engineer                    30000 Hyderabad            10-AUG-22

ramesh@company.com





&nbsp;   EMP\_ID EMP\_NAME                       GENDER     DEPARTMENT

---------- ------------------------------ ---------- --------------------

DESIGNATION                        SALARY LOCATION             JOINING\_D

------------------------------ ---------- -------------------- ---------

EMAIL

--------------------------------------------------

&nbsp;     1014 Suresh                         Male       IT

Developer                           45000 Chennai              30-OCT-20

suresh@company.com



&nbsp;     1016 Arun                           Male       IT

Developer                           45000 Chennai              09-SEP-21

arun.it@company.com



&nbsp;   EMP\_ID EMP\_NAME                       GENDER     DEPARTMENT

---------- ------------------------------ ---------- --------------------

DESIGNATION                        SALARY LOCATION             JOINING\_D

------------------------------ ---------- -------------------- ---------

EMAIL

--------------------------------------------------



&nbsp;     1018 Meena                          Female     HR

Recruiter                           32000 Bangalore            11-JUN-20

meena@company.com



&nbsp;     1019 Vijay                          Male       IT

Tester                              35000 Hyderabad            01-APR-23



&nbsp;   EMP\_ID EMP\_NAME                       GENDER     DEPARTMENT

---------- ------------------------------ ---------- --------------------

DESIGNATION                        SALARY LOCATION             JOINING\_D

------------------------------ ---------- -------------------- ---------

EMAIL

--------------------------------------------------





&nbsp;     1021 Rohit                          Male       IT

Developer                           45000 Chennai              18-NOV-22

rohit@company.com



&nbsp;     1022 Sanjay                         Male       IT



&nbsp;   EMP\_ID EMP\_NAME                       GENDER     DEPARTMENT

---------- ------------------------------ ---------- --------------------

DESIGNATION                        SALARY LOCATION             JOINING\_D

------------------------------ ---------- -------------------- ---------

EMAIL

--------------------------------------------------

Developer                                 Chennai              02-FEB-20







###### Display employees whose salary is IN (32000, 38000, 40000).

SQL> SELECT \* FROM EMPLOYEES

&nbsp; 2  WHERE SALARY IN (32000,38000,40000);



&nbsp;   EMP\_ID EMP\_NAME                       GENDER     DEPARTMENT

---------- ------------------------------ ---------- --------------------

DESIGNATION                        SALARY LOCATION             JOINING\_D

------------------------------ ---------- -------------------- ---------

EMAIL

--------------------------------------------------

&nbsp;     1003 Divya                          Female     HR

HR Executive                        40000 Bangalore            15-MAY-21

divya@company.com



&nbsp;     1006 Anita                          Female     Sales

Sales Executive                     38000 Delhi                12-SEP-22

anita@company.com



&nbsp;   EMP\_ID EMP\_NAME                       GENDER     DEPARTMENT

---------- ------------------------------ ---------- --------------------

DESIGNATION                        SALARY LOCATION             JOINING\_D

------------------------------ ---------- -------------------- ---------

EMAIL

--------------------------------------------------



&nbsp;     1007 Kumar                          Male       HR

Recruiter                           32000 Chennai              05-NOV-21

kumar@company.com



&nbsp;     1008 Divya                          Female     IT

Tester                              40000 Bangalore            25-JUN-22



&nbsp;   EMP\_ID EMP\_NAME                       GENDER     DEPARTMENT

---------- ------------------------------ ---------- --------------------

DESIGNATION                        SALARY LOCATION             JOINING\_D

------------------------------ ---------- -------------------- ---------

EMAIL

--------------------------------------------------

divya.it@company.com



&nbsp;     1012 Pooja                          Female     HR

HR Executive                        40000 Chennai              19-APR-21





&nbsp;     1015 Neha                           Female     Sales



&nbsp;   EMP\_ID EMP\_NAME                       GENDER     DEPARTMENT

---------- ------------------------------ ---------- --------------------

DESIGNATION                        SALARY LOCATION             JOINING\_D

------------------------------ ---------- -------------------- ---------

EMAIL

--------------------------------------------------

Sales Executive                     38000 Delhi                14-FEB-23

neha@company.com



&nbsp;     1018 Meena                          Female     HR

Recruiter                           32000 Bangalore            11-JUN-20

meena@company.com





&nbsp;   EMP\_ID EMP\_NAME                       GENDER     DEPARTMENT

---------- ------------------------------ ---------- --------------------

DESIGNATION                        SALARY LOCATION             JOINING\_D

------------------------------ ---------- -------------------- ---------

EMAIL

--------------------------------------------------

&nbsp;     1020 Anita                          Female     Sales

Sales Executive                     38000 Delhi                07-JUL-21

anita.sales@company.com





8 rows selected.



###### 

###### 

###### Display employees not working in Mumbai.



SQL> SELECT emp\_name FROM EMPLOYEES WHERE Location!= 'Mumbai';



EMP\_NAME

------------------------------

arun

Divya

Mubeen

Anita

Kumar

Divya

Rahul

Amit

Pooja

Ramesh

Suresh



EMP\_NAME

------------------------------

Neha

Arun

Meena

Vijay

Anita

Rohit

Sanjay



18 rows selected.



&nbsp;   

###### Display employees whose department is not in IT and HR.



SQL> select emp\_name from employees where department NOT IN ( 'IT','HR');

EMP\_NAME

------------------------------

arun

Ravi

Anita

Sneha

Amit

Neha

Kiran

Anita



8 rows selected.



&nbsp; Display employees whose designation is not in Developer and Tester.

SQL> select emp\_name from employees where designation NOT IN ( 'Developer','Tester');



EMP\_NAME

------------------------------

arun

Divya

Mubeen

Ravi

Anita

Kumar

Sneha

Amit

Pooja

Ramesh

Neha



EMP\_NAME

------------------------------

Kiran

Meena

Anita



14 rows selected.

###### 

###### 

###### Display employees whose name starts with ‘A’.



SQL> SELECT emp\_name FROM EMPLOYEES WHERE emp\_name LIKE 'A%';



&nbsp;      

EMP\_NAME

------------------------------

Anita

Amit

Arun

Anita



###### Display employees whose salary is NULL.

###### Display employees whose email is NULL.

###### Display employees whose salary is NOT NULL.

###### Display employees whose email is NOT NULL.

###### Display employees whose name ends with ‘i’.



###### SQL> select emp\_name from employees where salary is null;

###### 

###### EMP\_NAME

###### ------------------------------

###### Ravi

###### Sneha

###### Kiran

###### Sanjay

###### 

###### SQL> select emp\_name from employees where email is null;

###### 

###### EMP\_NAME

###### ------------------------------

###### Rahul

###### Pooja

###### Vijay

###### Sanjay

###### 

###### SQL> select emp\_name from employees where salary is  not null;

###### 

###### EMP\_NAME

###### ------------------------------

###### arun

###### Divya

###### Mubeen

###### Anita

###### Kumar

###### Divya

###### Rahul

###### Amit

###### Pooja

###### Ramesh

###### Suresh

###### 

###### EMP\_NAME

###### ------------------------------

###### Neha

###### Arun

###### Meena

###### Vijay

###### Anita

###### Rohit

###### 

###### 17 rows selected.

###### 

###### SQL> select emp\_name from employees where email is not null;

###### 

###### EMP\_NAME

###### ------------------------------

###### arun

###### Divya

###### Mubeen

###### Ravi

###### Anita

###### Kumar

###### Divya

###### Sneha

###### Amit

###### Ramesh

###### Suresh

###### 

###### EMP\_NAME

###### ------------------------------

###### Neha

###### Arun

###### Kiran

###### Meena

###### Anita

###### Rohit

###### 

###### 17 rows selected.

###### 

###### SQL> select emp\_name from employees where emp\_name LIKE '%i';

###### 

###### EMP\_NAME

###### ------------------------------

###### Ravi

###### Display employees whose name contains ‘vi’.

SQL> select emp\_name from employees where emp\_name LIKE '%vi';



EMP\_NAME

------------------------------

Ravi

###### Display employees whose email contains ‘@company.com’.



SQL> select emp\_name from employees where email LIKE '%company.com%';



EMP\_NAME

------------------------------

arun

Divya

Mubeen

Ravi

Anita

Kumar

Divya

Sneha

Amit

Ramesh

Suresh



EMP\_NAME

------------------------------

Neha

Arun

Kiran

Meena

Anita

Rohit



17 rows selected.



###### Display employees whose designation ends with ‘Engineer’.

SQL> select emp\_name from employees where designation LIKE '%Engineer';



EMP\_NAME

------------------------------

Ramesh

###### 

###### 

###### Display all employees ordered by salary ascending.



SQL> select emp\_id ,emp\_name ,salary,email  from employees ORDER BY SALARY ASC;



&nbsp;   EMP\_ID EMP\_NAME                           SALARY

---------- ------------------------------ ----------

EMAIL

--------------------------------------------------

&nbsp;     1012 Ramesh                              30000

ramesh@company.com



&nbsp;     1017 Meena                               32000

meena@company.com



&nbsp;     1006 Kumar                               32000

kumar@company.com





&nbsp;   EMP\_ID EMP\_NAME                           SALARY

---------- ------------------------------ ----------

EMAIL

--------------------------------------------------

&nbsp;     1018 Vijay                               35000





&nbsp;     1014 Neha                                38000

neha@company.com



&nbsp;     1005 Anita                               38000

anita@company.com





&nbsp;   EMP\_ID EMP\_NAME                           SALARY

---------- ------------------------------ ----------

EMAIL

--------------------------------------------------

&nbsp;     1019 Anita                               38000

anita.sales@company.com



&nbsp;     1007 Divya                               40000

divya.it@company.com



&nbsp;     1002 Divya                               40000

divya@company.com





&nbsp;   EMP\_ID EMP\_NAME                           SALARY

---------- ------------------------------ ----------

EMAIL

--------------------------------------------------

&nbsp;     1011 Pooja                               40000





&nbsp;     1001 arun                                45000

arun@company.com



&nbsp;     1013 Suresh                              45000

suresh@company.com





&nbsp;   EMP\_ID EMP\_NAME                           SALARY

---------- ------------------------------ ----------

EMAIL

--------------------------------------------------

&nbsp;     1020 Rohit                               45000

rohit@company.com



&nbsp;     1015 Arun                                45000

arun.it@company.com



&nbsp;     1008 Rahul                               45000







&nbsp;   EMP\_ID EMP\_NAME                           SALARY

---------- ------------------------------ ----------

EMAIL

--------------------------------------------------

&nbsp;     1003 Mubeen                              55000

mubeen@company.com



&nbsp;     1010 Amit                                60000

amit@company.com



&nbsp;     1021 Sanjay







&nbsp;   EMP\_ID EMP\_NAME                           SALARY

---------- ------------------------------ ----------

EMAIL

--------------------------------------------------

&nbsp;     1009 Sneha

sneha@company.com



&nbsp;     1004 Ravi

ravi@company.com



&nbsp;     1016 Kiran

kiran@company.com





21 rows selected.

###### 

###### 

###### Display employees ordered by department ASC and salary DESC.

SQL> select emp\_id ,emp\_name ,department,salary  from employees ORDER BY department ASC, salary desc;



&nbsp;   EMP\_ID EMP\_NAME                       DEPARTMENT              SALARY

---------- ------------------------------ -------------------- ----------

&nbsp;     1016 Kiran                          Finance

&nbsp;     1009 Sneha                          Finance

&nbsp;     1004 Ravi                           Finance

&nbsp;     1002 Divya                          HR                       40000

&nbsp;     1011 Pooja                          HR                       40000

&nbsp;     1006 Kumar                          HR                       32000

&nbsp;     1017 Meena                          HR                       32000

&nbsp;     1021 Sanjay                         IT

&nbsp;     1003 Mubeen                         IT                       55000

&nbsp;     1008 Rahul                          IT                       45000

&nbsp;     1020 Rohit                          IT                       45000



&nbsp;   EMP\_ID EMP\_NAME                       DEPARTMENT              SALARY

---------- ------------------------------ -------------------- ----------

&nbsp;     1015 Arun                           IT                       45000

&nbsp;     1013 Suresh                         IT                       45000

&nbsp;     1007 Divya                          IT                       40000

&nbsp;     1018 Vijay                          IT                       35000

&nbsp;     1012 Ramesh                         IT                       30000

&nbsp;     1010 Amit                           Sales                    60000

&nbsp;     1019 Anita                          Sales                    38000

&nbsp;     1005 Anita                          Sales                    38000

&nbsp;     1014 Neha                           Sales                    38000

&nbsp;     1001 arun                           it                       45000



21 rows selected.

###### Display employees ordered by location ASC and employee name ASC.



SQL> select emp\_id ,emp\_name ,location  from employees ORDER BY location ASC, emp\_name asc;



&nbsp;   EMP\_ID EMP\_NAME                       LOCATION

---------- ------------------------------ --------------------

&nbsp;     1002 Divya                          Bangalore

&nbsp;     1007 Divya                          Bangalore

&nbsp;     1017 Meena                          Bangalore

&nbsp;     1015 Arun                           Chennai

&nbsp;     1006 Kumar                          Chennai

&nbsp;     1003 Mubeen                         Chennai

&nbsp;     1011 Pooja                          Chennai

&nbsp;     1008 Rahul                          Chennai

&nbsp;     1020 Rohit                          Chennai

&nbsp;     1021 Sanjay                         Chennai

&nbsp;     1013 Suresh                         Chennai



&nbsp;   EMP\_ID EMP\_NAME                       LOCATION

---------- ------------------------------ --------------------

&nbsp;     1010 Amit                           Delhi

&nbsp;     1019 Anita                          Delhi

&nbsp;     1005 Anita                          Delhi

&nbsp;     1014 Neha                           Delhi

&nbsp;     1012 Ramesh                         Hyderabad

&nbsp;     1018 Vijay                          Hyderabad

&nbsp;     1016 Kiran                          Mumbai

&nbsp;     1004 Ravi                           Mumbai

&nbsp;     1009 Sneha                          Mumbai

&nbsp;     1001 arun                           chennai



21 rows selected.

###### 

###### 

###### Display employees working in IT department AND salary > 45,000.



SQL> select emp\_name from employees where department='IT' AND salary>45000;



EMP\_NAME

------------------------------

Mubeen

###### Display employees working in HR OR Sales department.

###### 

###### SQL> select emp\_name from employees where department in ('HR','sales');

###### 

###### EMP\_NAME

###### ------------------------------

###### Divya

###### Kumar

###### Pooja

###### Meena

###### 

###### Update salary to 50,000 for employees whose salary is NULL.



SQL> update employees SET salary =50000 where salary is null;



4 rows updated.

SQL> select emp\_id ,salary from employees;



&nbsp;   EMP\_ID     SALARY

---------- ----------

&nbsp;     1001      45000

&nbsp;     1002      40000

&nbsp;     1003      55000

&nbsp;     1004      50000

&nbsp;     1005      38000

&nbsp;     1006      32000

&nbsp;     1007      40000

&nbsp;     1008      45000

&nbsp;     1009      50000

&nbsp;     1010      60000

&nbsp;     1011      40000



&nbsp;   EMP\_ID     SALARY

---------- ----------

&nbsp;     1012      30000

&nbsp;     1013      45000

&nbsp;     1014      38000

&nbsp;     1015      45000

&nbsp;     1016      50000

&nbsp;     1017      32000

&nbsp;     1018      35000

&nbsp;     1019      38000

&nbsp;     1020      45000

&nbsp;     1021      50000



21 rows selected.



###### Increase salary by 5,000 for all IT employee

SQL> update employees SET salary = salary +5000 where department ='IT';



9 rows updated.



SQL> select emp\_id ,salary from employees  where department = 'IT';



&nbsp;   EMP\_ID     SALARY

---------- ----------

&nbsp;     1003      60000

&nbsp;     1007      45000

&nbsp;     1008      50000

&nbsp;     1012      35000

&nbsp;     1013      50000

&nbsp;     1015      50000

&nbsp;     1018      40000

&nbsp;     1020      50000

&nbsp;     1021      55000



9 rows selected.

###### 

###### 

###### Display employees having the same name more than once.



SQL> select emp\_name ,count(\*) from employees GROUP BY EMP\_NAME HAVING COUNT(\*) >1;



EMP\_NAME                         COUNT(\*)

------------------------------ ----------

Divya                                   2

Anita                                   2



###### Display employees having the same salary.

SQL> select SALARY ,count(\*) from employees GROUP BY SALARY HAVING COUNT(\*) >1;



&nbsp;   SALARY   COUNT(\*)

---------- ----------

&nbsp;    45000          2

&nbsp;    40000          3

&nbsp;    60000          2

&nbsp;    50000          7

&nbsp;    38000          3

&nbsp;    32000          2



6 rows selected.

###### Display employees working in the same department and same location.



SQL> select DEPARTMENT ,LOCATION ,count(\*) from employees GROUP BY DEPARTMENT ,LOCATION HAVING COUNT(\*) >1;



DEPARTMENT           LOCATION               COUNT(\*)

-------------------- -------------------- ----------

HR                   hyderabad                     4

IT                   Chennai                       6

Finance              Mumbai                        3

Sales                Delhi                         4

IT                   Hyderabad                     2

###### Update location to Hyderabad for employees working in HR.

SQL> update employees set location ='hyderabad' where department ='HR';



4 rows updated.



SQL> select location from employees  where department ='HR';



LOCATION

--------------------

hyderabad

hyderabad

hyderabad

hyderabad

###### Display employees NOT working in IT department.





SQL> select emp\_id ,emp\_name  from employees where department !='IT';



&nbsp;   EMP\_ID EMP\_NAME

---------- ------------------------------

&nbsp;     1001 arun

&nbsp;     1002 Divya

&nbsp;     1004 Ravi

&nbsp;     1005 Anita

&nbsp;     1006 Kumar

&nbsp;     1009 Sneha

&nbsp;     1010 Amit

&nbsp;     1011 Pooja

&nbsp;     1014 Neha

&nbsp;     1016 Kiran

&nbsp;     1017 Meena



&nbsp;   EMP\_ID EMP\_NAME

---------- ------------------------------

&nbsp;     1019 Anita



12 rows selected.



###### Display employees working in IT AND located in Chennai.

SQL> select emp\_id ,emp\_name ,location ,department  from employees where department ='IT' AND location = 'chennai';



no rows selected

###### Display employees ordered by salary DESC and joining date ASC.



SQL> select emp\_id ,emp\_name ,salary  ,joining\_date from employees ORDER BY salary desc ,joining\_date asc;



&nbsp;   EMP\_ID EMP\_NAME                           SALARY JOINING\_D

---------- ------------------------------ ---------- ---------

&nbsp;     1010 Amit                                60000 01-DEC-19

&nbsp;     1003 Mubeen                              60000 20-MAR-23

&nbsp;     1021 Sanjay                              55000 02-FEB-20

&nbsp;     1008 Rahul                               50000 14-MAR-20

&nbsp;     1004 Ravi                                50000 18-JUL-20

&nbsp;     1013 Suresh                              50000 30-OCT-20

&nbsp;     1015 Arun                                50000 09-SEP-21

&nbsp;     1020 Rohit                               50000 18-NOV-22

&nbsp;     1016 Kiran                               50000 21-DEC-22

&nbsp;     1009 Sneha                               50000 08-JAN-23

&nbsp;     1001 arun                                45000 10-JAN-02



&nbsp;   EMP\_ID EMP\_NAME                           SALARY JOINING\_D

---------- ------------------------------ ---------- ---------

&nbsp;     1007 Divya                               45000 25-JUN-22

&nbsp;     1011 Pooja                               40000 19-APR-21

&nbsp;     1002 Divya                               40000 15-MAY-21

&nbsp;     1018 Vijay                               40000 01-APR-23

&nbsp;     1019 Anita                               38000 07-JUL-21

&nbsp;     1005 Anita                               38000 12-SEP-22

&nbsp;     1014 Neha                                38000 14-FEB-23

&nbsp;     1012 Ramesh                              35000 10-AUG-22

&nbsp;     1017 Meena                               32000 11-JUN-20

&nbsp;     1006 Kumar                               32000 05-NOV-21



21 rows selected.

###### Display all employees ordered by salary descending.

###### SQL> select emp\_id ,emp\_name ,salary from employees ORDER BY salary desc;

###### 

###### &nbsp;   EMP\_ID EMP\_NAME                           SALARY

###### ---------- ------------------------------ ----------

###### &nbsp;     1003 Mubeen                              60000

###### &nbsp;     1010 Amit                                60000

###### &nbsp;     1021 Sanjay                              55000

###### &nbsp;     1015 Arun                                50000

###### &nbsp;     1008 Rahul                               50000

###### &nbsp;     1009 Sneha                               50000

###### &nbsp;     1020 Rohit                               50000

###### &nbsp;     1004 Ravi                                50000

###### &nbsp;     1013 Suresh                              50000

###### &nbsp;     1016 Kiran                               50000

###### &nbsp;     1001 arun                                45000

###### 

###### &nbsp;   EMP\_ID EMP\_NAME                           SALARY

###### ---------- ------------------------------ ----------

###### &nbsp;     1007 Divya                               45000

###### &nbsp;     1011 Pooja                               40000

###### &nbsp;     1002 Divya                               40000

###### &nbsp;     1018 Vijay                               40000

###### &nbsp;     1005 Anita                               38000

###### &nbsp;     1019 Anita                               38000

###### &nbsp;     1014 Neha                                38000

###### &nbsp;     1012 Ramesh                              35000

###### &nbsp;     1006 Kumar                               32000

###### &nbsp;     1017 Meena                               32000

###### 

###### 21 rows selected.



###### Display all employees ordered by joining date ascending.

SQL> select emp\_id ,emp\_name ,joining\_date from employees ORDER BY joining\_date asc ;



&nbsp;   EMP\_ID EMP\_NAME                       JOINING\_D

---------- ------------------------------ ---------

&nbsp;     1001 arun                           10-JAN-02

&nbsp;     1010 Amit                           01-DEC-19

&nbsp;     1021 Sanjay                         02-FEB-20

&nbsp;     1008 Rahul                          14-MAR-20

&nbsp;     1017 Meena                          11-JUN-20

&nbsp;     1004 Ravi                           18-JUL-20

&nbsp;     1013 Suresh                         30-OCT-20

&nbsp;     1011 Pooja                          19-APR-21

&nbsp;     1002 Divya                          15-MAY-21

&nbsp;     1019 Anita                          07-JUL-21

&nbsp;     1015 Arun                           09-SEP-21



&nbsp;   EMP\_ID EMP\_NAME                       JOINING\_D

---------- ------------------------------ ---------

&nbsp;     1006 Kumar                          05-NOV-21

&nbsp;     1007 Divya                          25-JUN-22

&nbsp;     1012 Ramesh                         10-AUG-22

&nbsp;     1005 Anita                          12-SEP-22

&nbsp;     1020 Rohit                          18-NOV-22

&nbsp;     1016 Kiran                          21-DEC-22

&nbsp;     1009 Sneha                          08-JAN-23

&nbsp;     1014 Neha                           14-FEB-23

&nbsp;     1003 Mubeen                         20-MAR-23

&nbsp;     1018 Vijay                          01-APR-23



21 rows selected.

------------------------------ ---------

###### Display all employees ordered by employee name alphabetically.

###### SQL> select emp\_id ,emp\_name from employees ORDER BY emp\_name ASC;

###### 

###### &nbsp;   EMP\_ID EMP\_NAME

###### ---------- ------------------------------

###### &nbsp;     1010 Amit

###### &nbsp;     1019 Anita

###### &nbsp;     1005 Anita

###### &nbsp;     1015 Arun

###### &nbsp;     1002 Divya

###### &nbsp;     1007 Divya

###### &nbsp;     1016 Kiran

###### &nbsp;     1006 Kumar

###### &nbsp;     1017 Meena

###### &nbsp;     1003 Mubeen

###### &nbsp;     1014 Neha

###### 

###### &nbsp;   EMP\_ID EMP\_NAME

###### ---------- ------------------------------

###### &nbsp;     1011 Pooja

###### &nbsp;     1008 Rahul

###### &nbsp;     1012 Ramesh

###### &nbsp;     1004 Ravi

###### &nbsp;     1020 Rohit

###### &nbsp;     1021 Sanjay

###### &nbsp;     1009 Sneha

###### &nbsp;     1013 Suresh

###### &nbsp;     1018 Vijay

###### &nbsp;     1001 arun

###### 

###### 21 rows selected.

###### 

